SN  ,  lost, People, died, Zika, Fisher, International, your, publicist, first, Carrie, virus, best, Trump, actor, years, George, Michael, Breaking, Zsa, daughter, old, role, Actor, longtime, sitcom, Thicke, decades, author, dies, off, now, Reynolds, Turner, Debbie, credit, APR, NextAdvisor, career, John, Star, Singer, Search, Wars, Growing, away, Glenn, Alan, Actress, day, Lake, about,Category
0,12,12,12,0,3,0,0,3,2,2,0,2,0,3,2,1,1,1,2,2,2,2,2,2,3,2,2,2,0,1,0,1,1,1,0,0,0,1,1,1,1,1,1,1,2,1,1,1,1,2,0, entertainment
1,12,12,11,0,3,0,0,3,2,2,0,2,0,2,2,1,1,1,2,2,2,2,3,2,2,2,2,2,0,1,0,1,1,1,0,0,0,1,1,2,1,1,1,1,1,1,1,1,1,2,2, entertainment
2,9,9,9,0,4,0,0,3,1,3,0,4,0,5,2,3,3,1,2,2,2,2,2,2,2,2,1,1,9,0,0,2,1,2,0,0,0,2,1,6,2,1,6,2,2,0,1,2,1,0,0, entertainment
3,0,0,0,0,0,0,3,0,1,0,0,0,1,0,0,0,0,1,0,0,0,0,0,0,0,0,0,0,0,1,2,0,0,0,2,2,1,0,0,0,0,1,0,0,0,0,0,0,0,0,1, entertainment
4,0,0,0,0,0,0,3,0,0,0,0,8,0,0,1,0,0,1,0,0,0,0,0,0,0,0,0,0,0,2,2,0,0,0,2,2,1,0,0,0,0,1,0,0,0,0,0,0,0,0,3, entertainment
5,0,0,0,0,0,0,3,0,0,0,0,0,0,0,0,0,0,1,0,0,0,0,0,0,0,1,0,0,0,1,2,0,0,0,2,2,1,0,0,0,0,1,0,1,0,0,1,0,0,0,0, entertainment
6,12,12,12,0,3,0,0,3,2,2,0,2,0,2,2,1,1,1,2,2,2,2,2,2,2,2,2,2,0,1,0,1,1,1,0,0,0,1,1,1,1,1,1,1,1,1,2,1,1,2,0, entertainment
7,10,10,9,0,4,0,1,3,2,3,0,3,0,2,2,3,3,2,2,2,2,2,2,2,2,2,2,1,7,1,0,2,1,2,0,0,0,2,1,1,2,1,1,2,1,0,1,2,1,0,1, entertainment
8,12,12,10,0,3,0,0,3,2,2,0,2,0,2,2,1,1,1,2,2,2,2,2,2,2,2,2,2,0,1,0,1,1,1,0,0,0,1,1,1,1,1,1,1,1,1,1,1,1,2,0, entertainment
9,12,12,13,0,3,0,0,3,2,2,0,2,0,2,2,1,1,1,2,2,2,2,2,2,2,2,2,4,0,1,0,1,1,1,0,0,0,1,1,1,1,1,1,1,1,1,1,1,1,2,0, entertainment
10,13,12,12,0,3,0,0,3,2,2,0,2,0,2,2,1,1,1,2,2,2,2,2,2,2,2,2,3,0,1,0,1,1,1,0,0,0,1,1,1,1,1,1,1,1,1,1,1,1,2,0, entertainment
11,12,12,12,0,3,0,0,3,2,2,0,2,0,2,2,1,1,1,2,2,2,2,2,2,2,2,2,3,0,1,0,1,1,1,0,0,0,1,1,1,1,1,1,1,1,1,1,1,1,2,0, entertainment
12,12,12,11,0,3,0,0,3,2,2,0,2,0,3,2,1,1,1,2,2,2,2,2,2,2,2,2,2,0,1,0,1,1,1,0,0,0,1,1,1,1,1,1,1,1,1,1,1,1,2,0, entertainment
13,12,12,12,0,3,0,0,3,4,2,0,2,0,2,2,1,1,1,2,2,2,2,2,2,2,2,2,2,0,1,0,1,1,1,0,0,0,1,1,1,1,1,1,1,1,1,1,1,1,2,0, entertainment
14,0,1,2,0,35,0,0,0,1,23,0,2,0,0,0,1,0,1,0,1,0,0,0,0,0,0,0,0,2,0,0,3,0,2,0,0,0,0,0,6,0,1,6,0,0,0,0,1,0,0,0, entertainment
15,13,13,11,0,3,0,0,3,2,2,0,2,0,2,2,2,1,1,2,2,2,2,2,2,2,2,2,2,0,1,0,1,1,1,0,0,0,1,1,1,1,1,1,1,1,1,1,1,1,1,0, entertainment
16,12,12,12,0,3,0,1,3,2,2,0,3,0,2,2,1,1,1,2,2,2,2,2,2,2,2,2,2,0,1,0,1,1,1,0,0,0,2,1,1,1,1,1,1,1,1,1,1,1,2,2, entertainment
17,10,10,9,0,4,0,0,3,1,3,0,2,0,2,2,3,3,1,2,2,2,2,2,2,2,2,2,1,9,1,0,2,1,2,0,0,0,2,1,1,2,1,1,2,1,0,1,2,1,0,0, entertainment
18,10,10,8,0,3,0,0,3,1,2,0,2,0,0,2,1,1,1,2,2,3,2,2,2,1,1,2,1,0,0,0,1,1,1,0,0,0,2,0,1,1,1,1,0,1,0,1,1,1,0,1, entertainment
19,12,12,12,0,3,0,0,3,2,2,0,2,0,2,2,1,1,1,2,2,2,3,2,2,2,2,2,2,0,1,0,1,1,1,0,0,0,1,1,1,1,1,1,1,1,1,1,1,1,2,0, entertainment
20,0,0,1,0,10,0,0,0,0,6,0,0,0,0,1,0,0,1,0,2,0,0,0,0,0,0,0,0,0,0,0,37,0,24,0,0,0,12,0,0,0,1,0,0,1,0,0,3,1,0,1, entertainment
21,12,13,11,0,3,0,0,3,2,2,0,2,0,2,2,1,1,1,2,2,2,2,2,2,3,2,2,2,2,1,0,1,1,1,0,0,0,1,1,1,1,1,1,1,1,1,1,1,1,0,0, entertainment
22,0,0,1,0,0,0,3,0,0,0,0,0,0,0,0,0,0,1,0,0,0,0,0,0,0,0,0,0,0,1,2,0,0,0,2,2,1,0,0,0,0,1,0,0,0,0,0,0,0,0,0, entertainment
23,13,13,11,0,3,0,0,3,2,2,0,2,0,2,2,1,1,1,2,2,2,2,2,2,2,2,2,2,2,1,0,1,1,1,0,0,0,1,1,1,1,1,1,1,1,1,1,1,1,1,0, entertainment
24,0,0,1,0,1,0,0,0,0,1,0,2,0,11,2,2,2,1,0,0,0,0,0,0,0,0,0,0,7,0,0,1,0,1,0,0,0,4,1,0,7,1,0,1,0,0,0,1,0,0,0, entertainment
25,0,1,1,0,29,0,0,0,1,12,0,2,0,0,0,1,0,1,0,1,0,0,0,0,0,0,0,0,0,0,0,2,0,2,0,0,0,1,0,7,1,1,7,0,0,0,0,0,0,0,0, entertainment
26,12,12,11,0,3,0,0,3,2,2,0,2,0,2,3,1,1,1,2,2,3,2,2,2,2,2,2,2,2,1,0,1,1,1,0,0,0,1,1,1,1,1,1,1,1,1,1,1,1,1,0, entertainment
27,12,12,10,0,3,0,2,3,2,2,0,2,0,2,2,1,1,1,2,2,2,2,2,3,2,2,2,2,0,1,0,1,1,1,0,0,0,1,1,1,1,1,1,1,1,1,1,1,1,0,2, entertainment
28,0,1,2,0,0,0,0,0,0,0,0,1,0,2,1,0,0,1,0,0,0,0,0,0,0,0,0,0,0,0,0,0,0,0,0,0,0,0,0,0,0,1,0,0,0,0,0,0,0,0,0, entertainment
29,0,0,1,0,0,0,4,0,0,0,0,0,0,5,0,3,1,1,0,0,0,0,0,1,0,0,0,0,0,1,2,0,0,0,2,2,1,0,0,0,0,1,0,0,4,0,0,0,0,0,0, entertainment
30,13,13,11,0,3,0,0,3,2,2,0,2,0,5,2,5,1,1,2,2,2,2,2,2,2,2,2,2,2,1,0,1,1,1,0,0,0,1,1,1,1,1,1,1,1,1,1,1,1,0,0, entertainment
31,10,10,9,0,4,0,0,3,1,3,0,3,0,2,2,8,3,1,2,2,2,2,2,2,2,2,2,1,9,0,0,2,1,2,0,0,0,2,1,1,2,1,1,2,1,0,1,2,1,0,0, entertainment
32,0,0,1,0,0,0,4,0,1,0,0,0,0,0,1,12,12,1,0,0,1,0,0,0,0,0,0,0,2,1,2,0,0,0,2,2,1,1,2,0,2,1,0,0,0,0,0,0,0,0,1, entertainment
33,0,0,1,0,0,0,1,0,3,0,0,0,0,0,1,29,38,1,0,0,1,0,0,0,0,0,0,0,2,0,0,0,0,0,0,0,0,2,0,0,3,1,0,0,0,0,0,0,0,0,0, entertainment
34,10,10,9,0,4,0,0,4,1,3,0,2,0,3,2,3,3,1,2,2,2,2,2,2,2,2,2,1,7,1,0,2,1,2,0,0,0,2,1,1,2,1,1,2,1,7,1,2,1,0,0, entertainment
35,12,12,12,0,3,0,0,3,2,2,0,2,0,2,2,1,1,1,2,2,2,2,2,2,2,2,2,2,0,1,0,1,1,1,0,0,0,1,1,1,1,1,1,1,1,1,1,1,1,2,0, entertainment
36,12,12,12,0,3,0,0,3,2,2,0,2,0,2,2,1,1,1,2,2,2,2,2,2,2,2,2,2,0,1,0,1,1,1,0,0,0,1,1,1,1,1,1,1,1,1,1,1,1,4,0, entertainment
37,12,12,11,0,3,0,1,3,2,2,0,2,0,2,2,1,1,1,2,2,3,2,2,2,2,2,2,2,0,1,0,1,1,1,0,0,0,1,1,1,1,1,1,1,2,1,1,1,1,2,0, entertainment
38,12,12,11,0,3,0,0,3,3,2,0,2,0,2,2,1,1,1,2,2,2,2,2,2,2,2,2,2,0,1,0,1,1,1,0,0,0,1,1,1,1,1,1,1,1,1,1,1,1,2,0, entertainment
39,12,12,12,0,3,0,0,3,2,2,0,3,0,2,2,1,1,1,2,2,2,3,3,2,2,2,2,2,0,1,0,1,1,1,0,0,0,1,1,1,1,1,1,1,1,1,1,1,1,2,0, entertainment
40,12,12,12,0,3,0,0,3,2,2,0,2,0,2,2,1,1,1,2,2,2,2,3,2,3,2,2,2,0,1,0,1,1,1,0,0,0,1,1,1,1,1,1,1,1,1,1,1,1,2,0, entertainment
41,12,12,12,0,3,0,0,3,2,2,0,2,0,2,2,1,1,1,2,2,2,2,2,2,2,2,2,2,0,1,0,1,1,1,0,0,0,1,1,1,1,1,1,1,1,1,1,1,1,2,0, entertainment
42,12,12,13,0,3,0,0,3,2,2,0,2,0,3,2,1,1,1,2,2,2,2,2,2,2,2,2,2,0,1,1,1,1,1,0,0,0,1,1,1,1,1,1,1,1,1,1,1,1,2,0, entertainment
43,12,12,12,0,3,0,0,3,2,2,0,2,0,2,2,1,1,1,2,2,2,2,2,2,2,2,2,2,0,1,0,1,1,1,0,0,0,1,1,1,1,1,1,1,1,1,1,1,1,3,0, entertainment
44,12,12,13,0,3,0,0,3,2,2,0,2,0,2,2,1,1,1,2,2,2,2,2,2,2,2,2,2,0,1,0,1,1,1,0,0,0,1,1,1,1,1,1,1,1,1,1,1,1,2,0, entertainment
45,10,10,9,0,4,0,0,3,1,3,0,3,0,6,2,3,3,1,2,2,2,2,2,2,2,2,2,1,7,1,0,2,1,2,0,0,0,2,1,1,2,1,1,2,1,0,1,2,1,0,0, entertainment
46,12,12,12,0,3,0,0,3,2,2,0,2,0,2,2,1,1,1,2,2,2,2,2,2,2,2,2,2,0,1,0,1,1,1,0,0,0,1,1,1,1,1,1,1,2,1,1,1,1,2,0, entertainment
47,12,12,12,0,3,0,0,3,2,2,0,3,0,2,2,2,1,1,2,2,2,3,3,2,2,2,2,2,0,1,0,1,1,1,0,0,0,1,1,1,1,1,1,1,1,1,1,1,1,2,0, entertainment
48,1,0,0,0,0,0,0,0,0,0,0,1,0,0,0,0,1,0,0,0,0,0,0,0,0,0,1,0,0,0,0,0,0,0,0,0,0,0,2,0,0,0,0,0,0,0,0,0,1,0,1, entertainment
49,12,12,12,0,3,0,0,3,2,2,0,2,0,2,2,1,1,1,2,2,2,2,2,2,2,2,2,2,0,1,0,1,1,1,0,0,0,1,1,1,1,1,1,1,1,1,1,1,1,2,0, entertainment
50,14,13,11,0,3,0,0,3,2,2,0,2,0,2,2,1,1,1,2,2,2,2,2,2,2,2,2,2,2,1,0,1,1,1,0,0,0,1,2,1,1,1,1,1,1,1,1,1,1,1,0, entertainment
51,3,3,3,0,2,0,0,0,0,2,0,1,0,0,0,0,0,1,0,1,0,1,0,0,0,0,0,0,2,0,0,1,0,1,0,0,0,1,0,1,0,1,1,0,1,0,0,1,1,0,0, entertainment
52,12,12,12,0,3,0,0,3,2,2,0,2,0,2,2,1,1,1,2,2,2,2,2,2,2,2,2,2,0,1,0,1,1,1,0,0,0,1,1,1,1,1,1,1,1,1,1,1,1,2,0, entertainment
53,12,12,12,0,3,0,0,3,2,2,0,3,0,2,2,1,1,1,2,2,2,2,2,2,2,2,2,2,0,1,0,1,1,1,0,0,0,1,1,1,1,1,1,1,1,1,1,1,1,2,0, entertainment
54,12,12,11,0,3,0,0,3,2,2,0,2,0,2,2,1,1,1,2,2,2,2,2,2,2,2,2,2,0,1,0,1,1,1,0,0,0,1,1,2,1,1,1,1,1,1,1,1,1,2,0, entertainment
55,1,0,1,0,1,0,3,0,0,1,0,0,0,2,0,2,2,1,0,0,0,0,0,0,0,0,0,0,7,1,2,1,0,1,2,2,1,1,1,0,1,1,0,1,0,0,0,1,0,0,0, entertainment
56,12,12,12,0,3,0,0,3,2,2,0,2,0,2,2,1,4,1,2,2,2,2,2,2,2,2,2,2,0,1,0,1,1,1,0,0,0,1,1,1,1,1,1,1,1,1,1,1,1,2,1, entertainment
57,13,13,12,0,3,0,1,4,2,2,0,2,0,2,2,1,1,1,2,2,2,2,2,2,2,2,2,2,0,1,0,1,1,1,0,0,0,1,1,1,1,1,1,1,1,1,1,1,1,2,0, entertainment
58,12,12,11,0,3,0,0,3,2,2,0,2,0,2,2,1,1,1,2,2,2,2,2,2,2,2,2,2,0,1,0,1,1,1,0,0,0,1,1,1,1,1,1,1,1,1,1,1,1,1,0, entertainment
59,12,12,11,0,3,0,0,3,2,2,0,2,0,6,2,1,2,1,2,2,2,2,2,2,2,2,2,2,2,1,0,1,1,1,0,0,0,1,1,1,1,1,1,1,1,1,7,1,1,0,0, entertainment
60,10,10,9,0,4,0,0,3,1,3,0,2,0,6,2,3,3,1,2,3,2,2,2,2,2,2,2,1,9,1,0,2,1,2,0,0,0,2,1,1,2,1,1,2,1,0,1,2,1,0,0, entertainment
61,12,12,12,0,3,0,0,3,3,2,0,2,0,2,2,1,1,1,2,2,2,2,2,2,2,2,2,2,0,1,0,1,1,1,0,0,0,1,1,1,1,1,1,1,1,1,1,1,1,2,0, entertainment
62,12,11,10,0,3,0,0,3,2,2,0,2,0,2,2,1,1,1,2,2,3,2,2,2,2,2,2,2,0,1,0,1,1,1,0,0,0,1,1,1,3,1,1,1,1,1,1,1,1,0,0, entertainment
63,12,12,12,0,3,0,0,3,2,2,0,2,0,2,2,1,1,1,2,2,2,2,2,2,3,2,2,2,0,1,0,1,1,1,0,0,0,1,1,1,1,1,1,1,1,1,1,1,1,2,0, entertainment
64,12,12,12,0,3,0,0,3,2,2,0,2,0,3,2,1,2,1,2,2,2,2,2,2,2,2,2,2,0,1,0,1,1,1,0,0,0,1,1,1,1,1,1,1,1,1,1,1,1,2,0, entertainment
65,10,10,9,0,4,0,2,3,1,3,0,3,0,3,2,3,3,1,2,2,2,2,2,2,2,2,2,1,7,1,0,2,1,2,0,0,0,2,1,1,2,1,1,2,2,0,1,2,1,0,0, entertainment
66,13,13,12,0,3,0,0,3,2,2,0,2,0,2,2,1,1,1,2,2,2,2,2,2,2,2,2,2,0,1,0,1,1,1,0,0,0,1,1,1,2,1,1,1,1,1,1,1,1,2,0, entertainment
67,0,0,1,0,0,0,0,0,0,0,0,0,0,0,0,0,0,1,0,0,0,0,0,0,0,0,0,0,2,0,0,0,0,0,0,0,0,0,0,0,1,1,0,0,0,0,0,0,0,0,0, entertainment
68,13,13,13,0,3,0,0,4,2,2,0,2,0,2,2,1,1,1,2,2,2,2,2,2,2,2,2,2,0,1,0,1,1,1,0,0,0,1,1,1,1,1,1,1,1,1,1,1,1,2,0, entertainment
69,13,12,12,0,3,0,0,3,2,2,0,2,0,2,2,1,1,1,2,2,2,2,2,2,2,2,2,2,0,1,0,1,1,1,0,0,0,2,1,1,1,1,1,1,1,1,1,1,1,2,0, entertainment
70,12,12,12,0,3,0,0,3,2,2,0,2,0,2,2,1,1,1,2,2,2,2,2,2,2,2,2,2,0,1,0,1,1,1,0,0,0,1,1,1,1,1,1,1,1,1,1,1,1,2,0, entertainment
71,13,13,11,0,3,0,0,3,2,2,0,2,0,2,2,1,1,1,2,2,2,2,2,2,2,2,2,2,0,1,0,1,1,1,0,0,0,1,1,1,1,1,1,1,1,1,1,1,1,1,0, entertainment
72,12,12,12,0,3,0,0,3,2,2,0,2,0,2,2,1,1,1,2,2,2,3,3,2,3,2,2,2,0,1,0,1,1,1,0,0,0,1,1,1,1,1,1,1,1,1,1,1,1,2,0, entertainment
73,13,13,11,0,3,0,0,3,2,2,0,2,0,2,2,1,1,1,2,2,2,2,3,2,2,2,2,2,0,1,0,1,1,1,0,0,0,1,1,1,1,1,1,1,1,1,1,1,1,1,0, entertainment
74,13,13,11,0,3,0,0,3,2,2,0,2,0,2,2,1,1,1,2,2,2,2,2,2,2,2,2,2,0,1,0,1,1,1,0,0,0,1,1,1,1,1,1,1,1,1,1,1,1,1,2, entertainment
75,12,12,12,0,3,0,0,3,2,2,0,2,0,2,3,1,1,1,2,2,2,2,2,2,2,2,2,2,0,1,0,1,1,1,0,0,0,1,1,1,1,1,1,1,1,1,1,1,1,2,0, entertainment
76,12,12,12,0,3,0,0,3,2,2,0,2,0,2,2,1,1,1,2,2,2,2,2,2,2,2,2,2,0,1,0,1,1,1,0,0,0,1,1,1,1,1,1,1,1,1,1,1,1,2,0, entertainment
77,9,9,8,0,3,0,0,3,1,2,0,3,1,2,3,1,1,1,2,2,2,1,2,2,1,1,1,1,2,0,0,1,1,1,0,0,0,0,0,1,1,1,1,0,1,0,1,2,1,0,0, entertainment
78,0,0,1,0,0,0,3,0,0,0,0,1,0,0,0,0,0,1,0,0,0,1,3,0,1,0,0,0,2,1,2,0,0,0,2,2,1,0,0,0,0,1,0,0,0,0,0,0,0,0,0, entertainment
79,12,12,12,0,3,0,0,3,2,2,0,2,0,3,2,1,1,1,2,2,2,2,2,2,2,2,2,2,0,1,0,1,1,1,0,0,0,1,1,1,1,1,1,1,1,1,1,1,1,2,0, entertainment
80,10,10,9,0,4,0,0,3,1,3,0,3,0,2,2,3,3,1,2,2,2,2,2,2,2,2,2,1,7,0,0,2,1,2,0,0,0,2,1,1,2,1,1,2,3,0,1,2,2,0,0, entertainment
81,0,0,1,0,0,0,0,0,0,0,0,1,0,0,0,1,1,1,0,1,0,0,0,0,0,0,0,0,0,0,0,1,0,0,0,0,0,1,2,0,0,1,0,0,0,0,1,0,0,0,4, entertainment
82,11,10,10,0,4,0,0,3,1,3,0,2,0,4,2,3,3,1,2,2,2,2,2,2,2,2,2,1,7,1,0,2,1,2,0,0,0,2,1,4,2,1,1,2,3,0,1,2,1,0,0, entertainment
83,0,0,0,0,3,0,3,0,0,3,0,0,0,0,0,0,0,1,0,0,0,0,0,0,0,0,0,0,2,1,2,0,0,0,2,2,1,0,0,0,0,1,0,0,0,0,0,0,0,0,0, entertainment
84,10,10,9,0,4,0,0,4,1,3,0,2,0,2,2,3,3,1,16,2,2,2,2,3,2,1,2,1,9,0,0,2,1,2,0,0,0,1,1,1,2,1,1,2,1,0,1,2,1,0,0, entertainment
89,0,0,0,0,0,3,0,0,0,0,0,0,0,0,0,0,0,1,0,0,0,0,0,0,0,0,0,0,0,0,0,0,1,0,0,0,0,0,0,0,0,0,0,0,0,0,0,0,0,0,0, health
90,0,0,0,0,0,3,4,0,0,0,0,0,0,0,0,0,0,1,0,0,0,0,0,0,0,0,1,0,0,3,3,0,1,0,2,2,2,0,0,0,0,0,0,0,0,0,0,0,0,0,0, health
91,0,0,0,17,0,4,1,0,2,0,13,0,0,0,0,0,0,1,0,0,0,0,0,0,0,0,0,0,0,0,0,0,0,0,0,0,0,0,0,0,0,0,0,0,0,0,0,0,0,0,1, health
92,0,0,1,8,0,3,4,0,3,0,5,0,0,0,0,0,0,1,0,0,0,0,0,0,0,0,0,0,0,1,2,0,1,0,2,2,2,0,0,0,0,0,0,0,0,0,0,0,1,0,2, health
93,0,0,0,29,0,3,5,0,1,0,6,0,0,0,0,0,0,1,0,0,0,0,0,0,0,0,0,0,0,1,2,0,0,0,2,2,2,0,0,0,0,0,0,1,0,0,0,0,0,0,2, health
94,0,0,0,31,0,3,2,0,2,0,6,0,0,0,0,0,0,1,0,0,0,0,0,0,0,0,0,0,0,0,0,0,0,0,0,0,0,0,0,0,0,0,0,1,0,0,0,0,0,0,1, health
95,0,0,0,3,0,3,3,0,1,0,7,0,0,0,0,0,0,1,0,0,0,0,0,0,0,0,0,0,0,1,2,0,1,0,2,2,2,0,0,0,0,0,0,0,0,0,0,0,0,0,0, health
96,0,0,0,29,0,3,5,0,1,0,6,0,0,0,0,0,0,1,0,0,0,0,0,0,0,0,0,0,0,1,2,0,1,0,2,2,2,0,0,0,0,0,0,1,0,0,0,0,0,0,2, health
97,1,0,2,0,0,3,0,0,5,0,0,0,0,0,0,0,0,1,0,2,1,0,0,1,0,0,0,0,9,0,1,0,0,0,0,0,0,0,26,0,0,0,0,0,0,35,1,0,0,0,0, health
98,0,0,0,0,0,3,4,0,0,0,0,0,0,0,0,0,0,1,0,0,0,0,0,0,0,0,0,0,0,1,2,0,1,0,2,2,2,0,0,0,0,0,0,0,0,0,0,0,0,0,0, health
99,0,0,0,0,0,3,5,0,0,0,0,0,0,0,0,0,0,1,0,0,1,0,0,0,0,0,0,0,0,1,2,0,1,0,2,2,2,0,0,0,0,0,0,0,0,0,0,0,0,0,1, health
100,0,1,1,0,32,3,1,0,1,16,0,2,0,0,0,2,1,1,0,1,0,0,0,0,0,0,0,0,0,0,0,2,0,2,0,0,0,0,0,8,1,0,8,0,0,0,0,0,0,0,1, health
101,0,0,0,35,0,3,1,0,2,0,13,0,0,0,0,0,0,1,0,0,0,0,0,0,0,0,0,0,0,0,0,0,0,0,0,0,0,0,0,0,0,0,0,1,0,0,0,0,0,0,2, health
102,0,0,0,0,0,3,0,0,2,0,0,0,0,0,0,0,0,1,0,0,0,0,0,0,0,0,0,0,0,0,0,0,0,0,0,0,0,0,0,0,0,0,0,0,0,0,0,0,1,0,0, health
103,0,0,0,31,0,3,5,0,1,0,10,0,0,0,0,0,0,1,0,0,0,0,0,0,0,0,0,0,0,1,2,0,0,0,2,2,2,0,0,0,0,0,0,1,0,0,0,0,0,0,2, health
104,0,0,0,0,0,3,6,0,1,0,0,0,0,0,0,0,0,1,0,0,0,0,0,0,0,0,0,0,0,1,2,0,1,0,2,2,2,0,0,0,0,0,0,0,0,0,0,0,0,0,0, health
105,0,0,1,29,0,3,5,0,2,0,7,0,0,0,0,0,0,1,0,0,1,0,0,0,0,0,0,0,0,1,2,0,1,0,2,2,2,0,0,0,0,0,0,1,0,0,0,0,0,0,2, health
106,0,0,0,29,0,3,5,0,2,0,8,0,0,0,0,0,0,1,0,0,0,0,0,0,0,0,0,0,0,1,2,0,1,0,2,2,2,0,0,0,0,0,0,1,0,0,0,0,0,1,2, health
107,10,10,8,0,15,3,1,3,1,13,0,2,0,0,2,1,1,1,2,2,2,2,2,2,2,2,2,1,3,0,0,2,1,1,0,0,0,1,0,2,1,0,2,1,1,0,1,1,1,0,1, health
108,0,0,0,30,0,3,4,0,1,0,6,0,0,0,0,0,0,1,0,0,0,0,0,0,0,0,0,0,0,1,2,0,0,0,2,1,1,0,0,0,0,0,0,1,0,0,0,0,0,0,2, health
109,0,0,0,3,0,3,5,0,0,0,2,0,0,0,0,0,0,1,0,0,0,0,0,0,0,0,0,0,0,1,2,0,1,0,2,2,2,0,0,0,0,0,0,0,0,0,0,0,0,0,2, health
110,0,0,0,18,0,4,1,0,2,0,13,0,0,0,0,0,0,1,0,0,0,0,0,0,0,0,0,0,0,0,0,0,0,0,0,0,0,0,0,0,0,0,0,0,0,0,0,0,0,0,2, health
111,0,0,0,29,0,3,4,0,1,0,8,0,0,0,0,0,0,1,0,0,0,0,0,0,0,0,0,0,0,1,2,0,1,0,2,2,2,0,0,0,0,0,0,1,0,0,0,0,0,0,1, health
112,0,0,0,3,0,3,4,0,1,0,2,0,0,0,0,0,0,1,0,0,0,0,0,0,0,0,0,0,0,1,2,0,1,0,2,2,2,0,0,0,0,0,0,0,0,0,0,0,0,0,0, health
113,0,0,0,6,0,3,3,0,0,0,5,0,0,0,0,0,0,1,0,0,0,0,0,0,0,0,0,0,0,1,2,0,1,0,2,2,2,0,0,0,0,0,0,0,0,0,0,0,0,0,1, health
114,0,0,0,18,0,4,1,0,3,0,14,0,0,0,0,0,0,1,0,0,0,0,0,0,0,0,0,0,0,0,0,0,0,0,0,0,0,0,0,0,0,0,0,0,0,0,0,0,0,0,1, health
115,0,0,0,34,0,3,1,0,2,0,15,0,0,0,0,0,1,1,0,0,0,0,0,0,0,0,0,0,0,0,0,0,0,0,0,0,0,0,0,0,0,0,0,1,0,0,0,0,0,0,2, health
116,0,0,0,19,0,4,0,0,3,0,12,0,0,0,0,0,0,1,0,0,0,0,0,0,0,0,0,0,0,0,0,0,0,0,0,0,0,0,0,0,0,0,0,0,0,0,0,0,0,0,3, health
117,0,0,0,17,0,4,0,0,2,0,13,0,0,0,0,0,0,1,0,0,0,0,0,0,0,0,0,0,0,0,1,0,0,0,0,0,0,0,0,0,0,0,0,0,0,0,0,0,0,0,1, health
118,0,0,0,5,0,3,3,0,2,0,3,0,0,0,0,0,1,1,0,0,0,0,0,0,0,0,0,0,0,1,2,0,1,0,2,2,2,0,0,0,0,0,0,2,0,0,0,0,0,0,0, health
119,0,0,0,35,0,3,1,0,2,0,14,0,0,0,0,0,0,1,0,0,0,0,0,0,0,0,0,0,0,0,1,0,0,0,0,0,0,0,0,0,0,0,0,1,0,0,0,0,0,0,2, health
120,0,0,0,28,0,3,4,0,1,0,9,0,0,0,0,0,1,1,0,0,0,0,0,0,0,0,0,0,0,1,2,0,1,0,2,2,2,0,0,0,0,0,0,1,0,0,0,0,0,0,1, health
121,0,0,0,5,0,3,3,0,0,0,5,0,0,0,0,0,0,1,0,0,0,0,0,0,0,0,0,0,0,1,2,0,1,0,2,2,2,0,0,0,0,0,0,0,0,0,0,0,0,0,0, health
122,0,0,0,23,0,4,0,0,2,0,18,0,0,0,0,0,0,1,0,0,0,0,0,0,0,0,0,0,0,0,0,0,0,0,0,0,0,0,0,0,0,0,0,0,0,0,0,0,0,0,1, health
130,0,0,0,0,0,3,3,0,0,0,0,0,3,0,0,0,1,1,0,0,0,0,0,0,0,0,0,0,0,1,2,0,1,0,2,2,2,0,0,0,0,0,0,0,0,0,0,0,0,0,2, opinions
131,1,0,0,0,0,3,3,0,0,0,0,0,7,0,0,0,1,1,0,0,0,0,0,0,0,0,0,0,0,1,2,0,1,0,2,2,2,0,0,0,0,0,0,0,0,0,0,0,0,0,1, opinions
132,0,0,0,0,0,3,3,0,0,0,0,0,1,0,0,0,0,1,0,0,0,0,0,0,0,0,0,0,0,1,2,0,1,0,2,2,2,0,0,0,0,0,0,0,0,0,0,0,0,0,0, opinions
133,0,0,0,0,0,3,3,0,0,0,0,0,1,0,0,0,0,1,0,0,0,0,0,0,0,0,0,0,0,1,2,0,1,0,2,2,2,0,0,0,0,0,0,0,0,0,0,0,0,0,0, opinions
134,0,0,0,0,0,3,3,0,0,0,0,0,0,0,0,0,0,1,0,0,0,0,0,0,0,0,0,0,0,1,2,0,1,0,2,2,2,0,0,0,0,0,0,0,1,0,0,0,0,1,0, opinions
135,0,0,0,0,0,3,0,0,0,0,0,0,13,0,0,0,1,1,0,0,0,0,0,0,0,0,0,0,0,1,0,0,0,0,0,0,0,0,0,0,0,0,0,0,1,0,0,0,0,0,1, opinions
136,0,0,0,0,0,3,5,0,0,0,0,0,9,0,0,0,0,1,0,0,0,0,0,0,0,0,0,0,0,1,2,0,1,0,2,2,2,0,0,0,0,0,0,0,0,0,0,0,0,0,1, opinions
137,0,0,0,0,0,3,0,0,0,0,0,0,6,0,0,0,0,1,0,0,0,0,0,0,0,0,0,0,0,0,0,0,1,0,0,0,0,0,0,0,0,0,0,0,0,0,0,0,0,0,0, opinions
138,0,0,0,0,0,3,3,0,0,0,0,0,0,0,0,0,1,1,0,0,0,0,0,0,0,0,0,0,0,1,2,0,1,0,2,2,2,0,1,0,0,0,0,0,0,0,0,0,0,0,0, opinions
139,0,0,0,0,0,3,3,0,0,0,0,0,4,0,0,0,0,1,0,0,0,0,0,0,0,0,0,0,0,1,2,0,1,0,2,2,2,0,0,0,0,0,0,0,0,0,0,0,0,0,1, opinions
140,0,0,0,0,0,3,3,0,0,0,0,0,7,0,0,0,3,1,0,0,0,0,0,0,0,0,0,0,0,1,2,0,1,0,2,2,2,0,0,0,0,0,0,0,0,0,0,0,0,0,0, opinions
141,0,0,0,0,0,3,2,0,0,0,0,0,0,0,0,1,1,1,0,0,0,0,0,0,0,0,0,0,0,1,2,0,0,0,2,1,1,0,0,0,0,0,0,0,0,0,0,0,0,0,0, opinions
142,0,0,0,0,0,3,3,0,0,0,0,0,0,0,0,0,0,1,0,0,0,0,0,0,0,0,0,0,0,1,2,0,1,0,2,2,2,0,0,0,0,0,0,0,0,0,0,0,0,0,0, opinions
143,0,0,0,0,0,3,3,0,0,0,0,0,4,0,0,0,0,1,0,0,0,0,0,0,0,0,0,0,0,4,2,0,1,0,2,2,2,0,0,0,0,0,0,0,0,0,0,0,0,0,2, opinions
144,0,0,0,0,0,3,3,0,0,0,0,0,0,0,0,0,0,1,0,0,0,0,0,0,0,0,0,0,0,1,2,0,1,0,2,2,2,0,0,0,0,0,0,0,0,0,0,0,0,0,2, opinions
145,0,0,0,0,0,3,3,0,0,0,0,0,2,0,0,0,0,1,0,0,0,0,0,0,0,0,0,0,0,2,2,0,1,0,2,2,2,0,0,0,0,0,0,0,0,0,0,0,0,0,0, opinions
146,0,0,0,19,0,4,0,0,2,0,13,0,0,0,0,0,0,1,0,0,0,0,0,0,0,0,0,0,0,0,0,0,0,0,0,0,0,0,0,0,0,0,0,0,0,0,0,0,0,0,1, opinions
147,0,0,0,0,0,3,3,0,1,0,0,0,4,0,0,0,0,1,0,0,0,0,0,0,0,0,0,0,0,1,2,0,1,0,2,2,2,0,0,0,0,0,0,0,0,0,0,0,0,0,0, opinions
148,0,0,0,0,0,3,3,0,0,0,0,0,1,0,0,0,0,1,0,0,0,0,0,0,0,0,0,0,0,1,2,0,1,0,2,2,2,0,0,0,0,0,0,0,0,0,1,0,0,0,0, opinions
149,0,0,0,0,0,3,3,0,0,0,0,0,1,0,0,0,0,1,0,0,0,0,0,0,0,0,0,0,0,1,4,0,1,0,2,2,2,0,0,0,0,0,0,0,0,0,0,0,0,0,0, opinions
150,0,0,0,0,0,3,3,0,0,0,0,0,6,0,0,0,0,1,0,0,0,0,0,0,0,0,0,0,0,1,2,0,1,0,2,2,2,0,0,0,0,0,0,0,0,0,0,0,0,0,1, opinions
151,0,0,0,0,0,3,3,0,0,0,0,0,2,0,0,0,0,1,0,0,0,0,0,0,0,0,0,0,0,1,2,0,1,0,2,2,2,0,0,0,0,0,0,0,1,0,1,0,1,0,1, opinions
152,0,0,0,0,0,3,3,0,1,0,0,1,14,0,0,0,0,1,0,0,0,0,0,0,0,0,0,0,0,1,2,0,1,0,2,2,2,0,0,0,0,0,0,0,0,0,0,0,0,0,0, opinions
153,0,0,0,0,0,3,3,0,0,0,0,0,2,0,0,0,0,1,0,0,0,0,0,0,0,0,0,0,0,1,2,0,1,0,2,2,2,0,0,0,0,0,0,0,0,0,0,0,0,0,0, opinions
154,0,0,0,0,0,3,3,0,0,0,0,0,3,0,1,0,0,1,0,0,0,0,0,0,0,0,0,0,0,1,2,0,1,0,2,2,2,0,0,0,0,0,0,0,0,0,0,0,0,0,0, opinions
155,0,1,0,0,0,3,3,0,0,0,0,0,17,0,0,0,0,1,0,0,0,0,0,0,0,0,0,0,0,2,3,0,1,0,2,2,2,0,0,0,0,0,0,0,0,0,0,0,0,0,2, opinions
156,0,0,0,0,0,3,6,0,2,0,0,0,10,0,0,0,0,1,0,0,0,0,0,0,0,0,0,0,0,2,2,0,1,0,2,2,2,0,0,0,0,0,0,0,0,0,0,0,0,0,1, opinions
157,0,0,0,0,0,3,3,0,0,0,0,0,2,0,1,0,0,1,0,0,0,0,0,0,0,0,0,0,0,3,2,0,1,0,2,2,2,0,0,0,0,0,0,0,0,0,0,0,0,0,1, opinions
158,0,0,0,0,0,3,0,0,0,0,0,0,10,0,0,0,0,1,0,0,0,0,0,0,0,0,0,0,0,1,0,0,0,0,0,0,0,0,0,0,0,0,0,0,1,0,0,0,0,0,0, opinions
159,0,0,0,0,0,3,3,0,0,0,0,0,2,0,0,0,2,1,0,0,0,0,0,0,0,0,0,0,0,1,2,0,1,0,2,2,2,0,0,0,0,0,0,0,0,0,0,0,0,0,0, opinions
160,0,0,1,0,0,3,0,0,3,0,0,0,0,0,0,0,0,1,0,0,0,0,0,0,0,0,0,1,0,0,0,0,0,0,0,0,0,0,0,0,0,0,0,0,0,0,0,0,1,0,2, opinions
164,1,0,1,0,0,0,3,0,0,0,0,0,0,0,0,0,0,1,0,0,0,0,0,0,0,0,0,0,0,1,2,0,0,0,2,2,1,0,0,0,0,2,0,0,0,0,0,0,0,0,0, politics
165,0,0,0,0,0,0,3,0,0,0,0,0,2,0,0,0,0,1,0,0,0,0,0,0,0,0,0,0,0,1,2,0,0,0,2,2,1,0,0,0,0,2,0,0,0,0,0,0,0,0,0, politics
166,0,0,0,0,0,0,3,0,0,0,0,0,0,0,0,1,0,1,0,0,0,0,0,0,0,0,0,0,0,1,2,0,0,0,2,2,1,0,0,0,0,2,0,0,0,0,0,0,0,0,0, politics
167,0,0,0,0,0,0,1,0,2,0,0,0,0,0,1,23,0,1,0,0,0,0,0,0,0,0,0,0,0,0,0,0,0,0,0,0,0,0,0,0,0,2,0,0,0,0,0,0,0,0,3, politics
168,0,0,0,0,0,0,0,0,1,0,0,1,30,0,0,0,0,1,0,0,1,0,0,0,0,0,0,0,0,0,0,0,0,0,0,0,0,0,0,0,0,2,0,0,0,0,0,0,0,0,1, politics
169,0,0,1,0,0,0,3,0,2,0,0,0,0,0,1,0,0,1,0,0,0,0,0,0,0,0,0,0,2,1,2,0,0,0,2,2,1,0,0,0,0,2,0,0,0,0,0,0,0,0,0, politics
170,0,0,0,0,0,0,3,0,0,0,0,0,0,0,0,0,1,1,0,0,0,0,0,0,0,0,0,0,0,1,2,0,0,0,2,2,1,0,0,0,0,2,0,0,0,0,0,0,0,0,0, politics
171,1,0,0,0,0,0,0,0,0,0,0,0,4,0,0,0,5,1,0,0,0,0,0,0,0,0,0,0,0,0,1,0,0,0,0,0,0,0,0,0,0,2,0,0,0,0,0,0,0,0,1, politics
172,0,0,0,0,0,0,3,0,0,0,0,0,0,0,0,0,0,1,0,0,0,0,0,0,0,0,0,1,0,1,2,0,0,0,2,2,1,0,0,0,0,2,0,0,1,0,0,0,0,0,0, politics
173,0,0,2,0,0,0,0,0,3,0,0,0,0,0,0,1,0,1,0,1,0,0,0,0,0,0,0,0,0,0,0,0,0,0,0,0,0,0,0,0,0,2,0,0,0,0,0,0,1,0,0, politics
174,0,0,0,0,0,0,3,0,0,0,0,0,4,0,0,0,0,1,0,0,0,0,0,0,0,0,0,0,0,1,2,0,0,0,2,2,1,0,0,0,0,2,0,0,0,0,0,0,0,0,0, politics
175,0,0,0,0,0,0,0,0,0,0,0,0,0,0,1,0,0,1,0,0,0,0,0,0,0,0,0,0,0,0,0,0,0,0,0,0,0,0,0,0,0,2,0,0,0,0,0,0,0,0,0, politics
176,0,0,1,0,0,0,3,0,0,0,0,0,1,0,0,0,0,1,0,0,0,0,0,0,0,0,0,0,0,1,2,0,0,0,2,2,1,0,0,0,0,2,0,0,0,0,0,0,0,0,1, politics
177,0,0,0,3,0,0,3,0,0,0,1,0,0,0,0,0,0,1,0,0,0,0,0,0,0,0,0,0,0,2,2,0,0,0,2,2,1,0,0,0,0,2,0,0,0,0,0,0,0,0,1, politics
185,12,10,9,0,4,3,0,3,1,3,0,3,0,4,2,3,3,1,2,2,2,3,2,3,3,6,1,1,7,0,0,2,1,2,0,0,0,1,1,1,2,0,1,3,1,0,7,2,1,0,0, us
186,12,12,11,0,3,3,2,3,2,2,0,2,0,2,2,1,1,1,2,2,2,2,2,2,2,2,2,2,0,1,0,1,1,1,0,0,0,1,1,1,1,0,1,1,1,1,1,1,1,0,0, us
187,0,0,0,0,0,0,1,0,0,0,0,1,0,0,1,0,0,0,0,0,0,0,0,0,0,0,0,0,0,0,0,0,0,0,0,0,0,0,0,0,0,0,0,0,0,0,0,0,1,0,0, us
188,12,12,11,0,3,3,0,3,2,2,0,2,0,2,2,1,1,1,2,2,2,2,2,2,2,2,2,2,2,1,0,1,1,1,0,0,0,1,1,1,1,0,1,1,1,1,1,1,1,0,0, us
189,0,0,1,0,0,3,0,0,4,0,0,0,0,0,1,0,1,1,0,0,0,0,0,0,0,0,0,0,0,0,1,0,0,0,0,0,0,0,1,0,0,0,0,0,0,0,1,0,0,0,0, us
190,13,12,11,0,3,3,0,3,2,2,0,2,0,2,2,1,1,1,2,2,2,2,2,2,2,2,3,2,0,1,0,1,1,1,0,0,0,2,1,1,1,0,1,1,2,1,1,1,1,1,0, us
191,12,12,11,0,3,3,0,3,2,2,0,2,0,2,2,1,1,1,2,2,2,2,2,2,2,2,2,3,0,1,0,1,1,1,0,0,0,1,1,1,1,0,1,1,1,1,1,1,1,1,0, us
192,13,13,11,0,3,3,0,3,2,2,0,2,0,2,2,1,1,1,2,2,2,2,2,2,2,2,2,2,0,1,0,1,1,1,0,0,0,1,1,1,1,0,1,1,1,1,1,1,1,1,0, us
193,10,10,8,0,3,3,0,3,1,2,0,2,0,1,2,1,1,1,2,2,2,2,2,2,2,2,2,2,3,1,1,1,1,1,0,0,0,1,0,1,1,0,1,1,1,0,1,1,1,0,0, us
194,12,12,11,0,3,3,0,3,2,2,0,2,0,2,2,1,1,1,2,2,2,2,2,2,2,2,2,2,0,1,0,1,1,1,0,0,0,1,1,1,1,0,1,1,1,1,1,1,1,1,0, us
195,0,0,1,0,0,3,0,0,0,0,0,0,0,0,0,0,0,1,0,0,0,0,0,0,0,0,0,0,0,0,0,0,0,0,0,0,0,0,0,0,0,0,0,0,0,0,1,0,0,0,0, us
196,12,12,11,0,3,3,1,3,2,2,0,2,0,2,2,1,1,1,2,2,2,2,2,2,2,2,2,2,2,1,0,1,1,1,0,0,0,1,1,1,1,0,1,1,1,1,1,1,2,0,1, us
197,12,12,11,0,3,3,0,3,2,2,0,2,0,2,2,1,1,1,2,2,2,2,2,2,2,2,2,2,0,1,0,1,1,1,0,0,0,1,2,1,1,0,1,1,1,1,1,1,1,1,0, us
198,12,12,12,0,3,0,1,3,2,2,0,2,0,2,2,1,1,1,2,2,2,2,2,2,2,2,2,2,0,1,0,1,1,1,0,0,0,1,1,1,1,1,1,1,1,1,1,1,1,2,0, us
199,11,11,10,0,3,3,0,3,2,2,0,2,0,2,2,1,1,1,2,2,2,2,2,2,2,2,2,2,2,1,0,1,1,1,0,0,0,1,1,1,1,0,1,1,1,1,1,1,1,0,1, us
200,0,0,0,0,0,3,3,0,0,0,0,0,0,0,0,0,0,1,0,0,0,0,0,0,0,0,0,0,0,1,2,0,1,0,2,2,2,0,0,0,0,0,0,0,0,0,0,0,0,0,0, us